journey_id,persona,title,category,primary_workflow_template_name,primary_template_exists,journey_readiness_status,outcomes_prompt_present,requires_desired_outcomes,requires_timeline,manual_path_status,autonomous_path_status,initiative_created,initiative_id,workflow_started,workflow_execution_id,workflow_terminal_or_gate_status,frontend_path_exists,api_path_exists,browser_subset_tested,error_code,error_message,root_cause_category,evidence_ref
7c34067e-ea1a-4aa4-ad6a-23d1e7d9454a,enterprise,AI Governance Framework,compliance,Data Governance Audit,True,ready,True,True,True,BLOCKED_ENV_CONFIG,BLOCKED_AUTONOMY_ENV_CONFIG,False,,False,,,True,True,False,,,env,journey:7c34067e-ea1a-4aa4-ad6a-23d1e7d9454a
3a27800d-51cd-4f3b-803f-48e4cfa023da,enterprise,Board Governance Review,strategy,Strategic Planning Cycle,True,ready,True,True,True,BLOCKED_ENV_CONFIG,BLOCKED_AUTONOMY_ENV_CONFIG,False,,False,,,True,True,False,,,env,journey:3a27800d-51cd-4f3b-803f-48e4cfa023da
7e24fc17-9803-4c30-ae7f-803cb5fac00f,enterprise,Brand Architecture Review,marketing,Content Creation Workflow,True,ready,True,True,True,BLOCKED_ENV_CONFIG,BLOCKED_AUTONOMY_ENV_CONFIG,False,,False,,,True,True,False,,,env,journey:7e24fc17-9803-4c30-ae7f-803cb5fac00f
0bd28b62-678a-4b1b-b756-fd319a2d495e,enterprise,Business Continuity Test,operations,Crisis Management Response,True,ready,True,True,True,BLOCKED_ENV_CONFIG,BLOCKED_AUTONOMY_ENV_CONFIG,False,,False,,,True,True,False,,,env,journey:0bd28b62-678a-4b1b-b756-fd319a2d495e
857508ef-ac21-42bc-b207-2d8f009ce54b,enterprise,Center of Excellence Setup,strategy,Strategic Planning Cycle,True,ready,True,True,True,BLOCKED_ENV_CONFIG,BLOCKED_AUTONOMY_ENV_CONFIG,False,,False,,,True,True,False,,,env,journey:857508ef-ac21-42bc-b207-2d8f009ce54b
8f1b18d7-dc1a-4ce2-b4bb-f1ff9e4d372b,enterprise,Change Management Framework,operations,Strategic Planning Cycle,True,ready,True,True,True,BLOCKED_ENV_CONFIG,BLOCKED_AUTONOMY_ENV_CONFIG,False,,False,,,True,True,False,,,env,journey:8f1b18d7-dc1a-4ce2-b4bb-f1ff9e4d372b
114f250e-d42c-43e9-85f3-81f84bf155e0,enterprise,Cloud Migration Strategy,strategy,Strategic Planning Cycle,True,ready,True,True,True,BLOCKED_ENV_CONFIG,BLOCKED_AUTONOMY_ENV_CONFIG,False,,False,,,True,True,False,,,env,journey:114f250e-d42c-43e9-85f3-81f84bf155e0
67b9f05c-df6e-403b-b468-512cf36927a9,enterprise,Corporate University,hr,Content Creation Workflow,True,ready,True,True,True,BLOCKED_ENV_CONFIG,BLOCKED_AUTONOMY_ENV_CONFIG,False,,False,,,True,True,False,,,env,journey:67b9f05c-df6e-403b-b468-512cf36927a9
fa7e0feb-635c-4e28-9620-a06c7033f154,enterprise,Corporate Venture Capital,strategy,Partnership Development,True,ready,True,True,True,BLOCKED_ENV_CONFIG,BLOCKED_AUTONOMY_ENV_CONFIG,False,,False,,,True,True,False,,,env,journey:fa7e0feb-635c-4e28-9620-a06c7033f154
1d283f22-5111-4760-83d1-51170158d75d,enterprise,Crisis Communication Playbook,support,Crisis Management Response,True,ready,True,True,True,BLOCKED_ENV_CONFIG,BLOCKED_AUTONOMY_ENV_CONFIG,False,,False,,,True,True,False,,,env,journey:1d283f22-5111-4760-83d1-51170158d75d
7070b9ab-ac8a-4452-bed0-b8af9624d75a,enterprise,Cyber Incident Response,compliance,Incident Investigation,True,ready,True,True,True,BLOCKED_ENV_CONFIG,BLOCKED_AUTONOMY_ENV_CONFIG,False,,False,,,True,True,False,,,env,journey:7070b9ab-ac8a-4452-bed0-b8af9624d75a
d1190c49-1383-4cf6-b8e4-b0f01789491d,enterprise,Data Lake Architecture,operations,Data Pipeline Setup,True,ready,True,True,True,BLOCKED_ENV_CONFIG,BLOCKED_AUTONOMY_ENV_CONFIG,False,,False,,,True,True,False,,,env,journey:d1190c49-1383-4cf6-b8e4-b0f01789491d
73e53899-22cc-4669-8cc2-db4790fc96aa,enterprise,Digital Transformation Roadmap,strategy,Strategic Planning Cycle,True,ready,True,True,True,BLOCKED_ENV_CONFIG,BLOCKED_AUTONOMY_ENV_CONFIG,False,,False,,,True,True,False,,,env,journey:73e53899-22cc-4669-8cc2-db4790fc96aa
35302d9d-91c1-4ab7-ad9b-a114ad261ec2,enterprise,Diversity Annual Report,hr,Content Creation Workflow,True,ready,True,True,True,BLOCKED_ENV_CONFIG,BLOCKED_AUTONOMY_ENV_CONFIG,False,,False,,,True,True,False,,,env,journey:35302d9d-91c1-4ab7-ad9b-a114ad261ec2
2ec20c7e-ddd3-41c1-b304-e145528c4231,enterprise,ESG Strategy,strategy,Strategic Planning Cycle,True,ready,True,True,True,BLOCKED_ENV_CONFIG,BLOCKED_AUTONOMY_ENV_CONFIG,False,,False,,,True,True,False,,,env,journey:2ec20c7e-ddd3-41c1-b304-e145528c4231
888d235f-cd14-48d1-973c-205b0430d6ee,enterprise,Enterprise-wide ERP Rollout,operations,Roadmap Planning,True,ready,True,True,True,BLOCKED_ENV_CONFIG,BLOCKED_AUTONOMY_ENV_CONFIG,False,,False,,,True,True,False,,,env,journey:888d235f-cd14-48d1-973c-205b0430d6ee
a21c929c-f3fc-4b27-815e-9f1c3029f875,enterprise,Executive Compensation Review,hr,Performance Review,True,ready,True,True,True,BLOCKED_ENV_CONFIG,BLOCKED_AUTONOMY_ENV_CONFIG,False,,False,,,True,True,False,,,env,journey:a21c929c-f3fc-4b27-815e-9f1c3029f875
1d8acff8-59ba-4bfd-83ea-9ec9d242c26b,enterprise,GDPR/CCPA Compliance,compliance,GDPR Compliance Audit,True,ready,True,True,True,BLOCKED_ENV_CONFIG,BLOCKED_AUTONOMY_ENV_CONFIG,False,,False,,,True,True,False,,,env,journey:1d8acff8-59ba-4bfd-83ea-9ec9d242c26b
7d089796-2303-4586-9ee9-81a73721b563,enterprise,Global Compliance Audit,compliance,GDPR Compliance Audit,True,ready,True,True,True,BLOCKED_ENV_CONFIG,BLOCKED_AUTONOMY_ENV_CONFIG,False,,False,,,True,True,False,,,env,journey:7d089796-2303-4586-9ee9-81a73721b563
37909f36-8cfc-4597-9158-d56aaf628fd4,enterprise,Global Knowledge Management,operations,Knowledge Base Update,True,ready,True,True,True,BLOCKED_ENV_CONFIG,BLOCKED_AUTONOMY_ENV_CONFIG,False,,False,,,True,True,False,,,env,journey:37909f36-8cfc-4597-9158-d56aaf628fd4
b25e2bd4-1b61-4905-9466-a2eb36ed4e9f,enterprise,Global Marketing Campaign,marketing,Ad Campaign Management,True,ready,True,True,True,BLOCKED_ENV_CONFIG,BLOCKED_AUTONOMY_ENV_CONFIG,False,,False,,,True,True,False,,,env,journey:b25e2bd4-1b61-4905-9466-a2eb36ed4e9f
70e28754-f009-42e3-b5ad-b369237097c0,enterprise,Global Mobility Program,hr,Policy Update,True,ready,True,True,True,BLOCKED_ENV_CONFIG,BLOCKED_AUTONOMY_ENV_CONFIG,False,,False,,,True,True,False,,,env,journey:70e28754-f009-42e3-b5ad-b369237097c0
3f9e1ad4-710e-4d02-b943-42f27aa998a8,enterprise,Global Payroll Consolidation,hr,Payroll Processing,True,ready,True,True,True,BLOCKED_ENV_CONFIG,BLOCKED_AUTONOMY_ENV_CONFIG,False,,False,,,True,True,False,,,env,journey:3f9e1ad4-710e-4d02-b943-42f27aa998a8
76dfb508-6bad-4319-bb57-eb01ce01e4f9,enterprise,Global Tax Strategy,finance,Strategic Planning Cycle,True,ready,True,True,True,BLOCKED_ENV_CONFIG,BLOCKED_AUTONOMY_ENV_CONFIG,False,,False,,,True,True,False,,,env,journey:76dfb508-6bad-4319-bb57-eb01ce01e4f9
860bc9d1-bf7a-45a7-9ea0-fc24bec1169b,enterprise,Innovation Lab Launch,product,Initiative Framework,True,ready,True,True,True,BLOCKED_ENV_CONFIG,BLOCKED_AUTONOMY_ENV_CONFIG,False,,False,,,True,True,False,,,env,journey:860bc9d1-bf7a-45a7-9ea0-fc24bec1169b
7740ea6e-2744-4824-a729-9257ff501b88,enterprise,Internal Audit Cycle,compliance,Quality Assurance Audit,True,ready,True,True,True,BLOCKED_ENV_CONFIG,BLOCKED_AUTONOMY_ENV_CONFIG,False,,False,,,True,True,False,,,env,journey:7740ea6e-2744-4824-a729-9257ff501b88
c1d0b894-913a-410a-8103-2ed2a1582f68,enterprise,Investor Relations Quarterly,strategy,Content Creation Workflow,True,ready,True,True,True,BLOCKED_ENV_CONFIG,BLOCKED_AUTONOMY_ENV_CONFIG,False,,False,,,True,True,False,,,env,journey:c1d0b894-913a-410a-8103-2ed2a1582f68
133ed81a-61ea-4d1b-a48b-73af22a80977,enterprise,Leadership Development Program,hr,Performance Review,True,ready,True,True,True,BLOCKED_ENV_CONFIG,BLOCKED_AUTONOMY_ENV_CONFIG,False,,False,,,True,True,False,,,env,journey:133ed81a-61ea-4d1b-a48b-73af22a80977
82cdff47-3134-491a-b3f5-65d9bd5705d3,enterprise,Legacy System Sunsetting,operations,Roadmap Planning,True,ready,True,True,True,BLOCKED_ENV_CONFIG,BLOCKED_AUTONOMY_ENV_CONFIG,False,,False,,,True,True,False,,,env,journey:82cdff47-3134-491a-b3f5-65d9bd5705d3
691f83f7-ae38-4040-9598-94f1c8aaec3a,enterprise,Mainframe Modernization,operations,Roadmap Planning,True,ready,True,True,True,BLOCKED_ENV_CONFIG,BLOCKED_AUTONOMY_ENV_CONFIG,False,,False,,,True,True,False,,,env,journey:691f83f7-ae38-4040-9598-94f1c8aaec3a
d3198081-86e9-4bbd-9581-84bd3749f0b8,enterprise,Merger & Acquisition Integration,strategy,Merger & Acquisition (M&A),True,ready,True,True,True,BLOCKED_ENV_CONFIG,BLOCKED_AUTONOMY_ENV_CONFIG,False,,False,,,True,True,False,,,env,journey:d3198081-86e9-4bbd-9581-84bd3749f0b8
a517b2d8-a8aa-4887-9945-a7120f1d4c98,enterprise,Product Portfolio Rationalization,product,Roadmap Planning,True,ready,True,True,True,BLOCKED_ENV_CONFIG,BLOCKED_AUTONOMY_ENV_CONFIG,False,,False,,,True,True,False,,,env,journey:a517b2d8-a8aa-4887-9945-a7120f1d4c98
061c3a79-ddeb-4ee0-afb0-be18e6f7ae64,enterprise,Real Estate Portfolio,operations,Strategic Planning Cycle,True,ready,True,True,True,BLOCKED_ENV_CONFIG,BLOCKED_AUTONOMY_ENV_CONFIG,False,,False,,,True,True,False,,,env,journey:061c3a79-ddeb-4ee0-afb0-be18e6f7ae64
6304e8e6-8f08-481b-adf2-d69ff950fa50,enterprise,Shared Services Center,operations,Strategic Planning Cycle,True,ready,True,True,True,BLOCKED_ENV_CONFIG,BLOCKED_AUTONOMY_ENV_CONFIG,False,,False,,,True,True,False,,,env,journey:6304e8e6-8f08-481b-adf2-d69ff950fa50
cf90d814-5347-4811-9909-6be4d41051a2,enterprise,Strategic Vendor Review,operations,Vendor Onboarding,True,ready,True,True,True,BLOCKED_ENV_CONFIG,BLOCKED_AUTONOMY_ENV_CONFIG,False,,False,,,True,True,False,,,env,journey:cf90d814-5347-4811-9909-6be4d41051a2
71a5a883-59dc-441b-9bba-fab9b5e54ed9,enterprise,Supply Chain Resilience,operations,Strategic Planning Cycle,True,ready,True,True,True,BLOCKED_ENV_CONFIG,BLOCKED_AUTONOMY_ENV_CONFIG,False,,False,,,True,True,False,,,env,journey:71a5a883-59dc-441b-9bba-fab9b5e54ed9
49eaf40a-2aec-43f4-a8cd-72f00412c9ce,enterprise,Transfer Pricing Study,finance,Strategic Planning Cycle,True,ready,True,True,True,BLOCKED_ENV_CONFIG,BLOCKED_AUTONOMY_ENV_CONFIG,False,,False,,,True,True,False,,,env,journey:49eaf40a-2aec-43f4-a8cd-72f00412c9ce
f728982e-6918-40fb-993f-376cb2652706,enterprise,Union Negotiation Strategy,hr,Contract Review,True,ready,True,True,True,BLOCKED_ENV_CONFIG,BLOCKED_AUTONOMY_ENV_CONFIG,False,,False,,,True,True,False,,,env,journey:f728982e-6918-40fb-993f-376cb2652706
96f134a0-4758-4667-8fb9-57a4ffa90b33,enterprise,Whistleblower Hotline,compliance,Policy Update,True,ready,True,True,True,BLOCKED_ENV_CONFIG,BLOCKED_AUTONOMY_ENV_CONFIG,False,,False,,,True,True,False,,,env,journey:96f134a0-4758-4667-8fb9-57a4ffa90b33
9b0ca51a-2d1f-4ea0-a819-dde849092bc7,enterprise,Zero Trust Security Model,compliance,Policy Update,True,ready,True,True,True,BLOCKED_ENV_CONFIG,BLOCKED_AUTONOMY_ENV_CONFIG,False,,False,,,True,True,False,,,env,journey:9b0ca51a-2d1f-4ea0-a819-dde849092bc7
7ab6c8d4-a47b-4cb0-9729-6c04d50d32c4,sme,Annual Report Design,strategy,Content Creation Workflow,True,ready,True,True,True,BLOCKED_ENV_CONFIG,BLOCKED_AUTONOMY_ENV_CONFIG,False,,False,,,True,True,False,,,env,journey:7ab6c8d4-a47b-4cb0-9729-6c04d50d32c4
6bfff025-1ccd-4c22-8125-eb25cf713f1f,sme,Brand Refresh,marketing,Content Creation Workflow,True,ready,True,True,True,BLOCKED_ENV_CONFIG,BLOCKED_AUTONOMY_ENV_CONFIG,False,,False,,,True,True,False,,,env,journey:6bfff025-1ccd-4c22-8125-eb25cf713f1f
74fd2d5e-696c-4b34-bf8b-48597782ec1f,sme,CRM Migration,operations,Vendor Onboarding,True,ready,True,True,True,BLOCKED_ENV_CONFIG,BLOCKED_AUTONOMY_ENV_CONFIG,False,,False,,,True,True,False,,,env,journey:74fd2d5e-696c-4b34-bf8b-48597782ec1f
fd22f348-7b00-424a-ad85-977a77dc0f9d,sme,Cash Flow Forecasting,finance,Financial Reporting,True,ready,True,True,True,BLOCKED_ENV_CONFIG,BLOCKED_AUTONOMY_ENV_CONFIG,False,,False,,,True,True,False,,,env,journey:fd22f348-7b00-424a-ad85-977a77dc0f9d
2bfb4514-aa70-4ea7-862a-f0d78f7f738a,sme,Compliance Training,legal,Policy Update,True,ready,True,True,True,BLOCKED_ENV_CONFIG,BLOCKED_AUTONOMY_ENV_CONFIG,False,,False,,,True,True,False,,,env,journey:2bfb4514-aa70-4ea7-862a-f0d78f7f738a
a8b85625-4b80-45fa-a2b0-71899f3f1b57,sme,Corporate Social Responsibility,strategy,Strategic Planning Cycle,True,ready,True,True,True,BLOCKED_ENV_CONFIG,BLOCKED_AUTONOMY_ENV_CONFIG,False,,False,,,True,True,False,,,env,journey:a8b85625-4b80-45fa-a2b0-71899f3f1b57
d5e37ed0-9f37-4f9b-ae65-f322a605ed58,sme,Customer Success Playbook,support,Customer Onboarding,True,ready,True,True,True,BLOCKED_ENV_CONFIG,BLOCKED_AUTONOMY_ENV_CONFIG,False,,False,,,True,True,False,,,env,journey:d5e37ed0-9f37-4f9b-ae65-f322a605ed58
8942a139-3d24-4192-8907-9e636b84f024,sme,Cybersecurity Audit,operations,GDPR Compliance Audit,True,ready,True,True,True,BLOCKED_ENV_CONFIG,BLOCKED_AUTONOMY_ENV_CONFIG,False,,False,,,True,True,False,,,env,journey:8942a139-3d24-4192-8907-9e636b84f024
4854af43-441f-4b31-945a-83e0e95a0e32,sme,Debt Refinancing,finance,Strategic Planning Cycle,True,ready,True,True,True,BLOCKED_ENV_CONFIG,BLOCKED_AUTONOMY_ENV_CONFIG,False,,False,,,True,True,False,,,env,journey:4854af43-441f-4b31-945a-83e0e95a0e32
f5703d63-c034-4c01-a087-1839ddb453fe,sme,Department Budgeting,finance,Budget Planning,True,ready,True,True,True,BLOCKED_ENV_CONFIG,BLOCKED_AUTONOMY_ENV_CONFIG,False,,False,,,True,True,False,,,env,journey:f5703d63-c034-4c01-a087-1839ddb453fe
f08a194f-4f2b-4568-bc6e-4d557f951d89,sme,Disaster Recovery Plan,operations,Strategic Planning Cycle,True,ready,True,True,True,BLOCKED_ENV_CONFIG,BLOCKED_AUTONOMY_ENV_CONFIG,False,,False,,,True,True,False,,,env,journey:f08a194f-4f2b-4568-bc6e-4d557f951d89
5136c92f-56d8-44e3-a59d-dd5be3fc9141,sme,Diversity & Inclusion Initiative,hr,Strategic Planning Cycle,True,ready,True,True,True,BLOCKED_ENV_CONFIG,BLOCKED_AUTONOMY_ENV_CONFIG,False,,False,,,True,True,False,,,env,journey:5136c92f-56d8-44e3-a59d-dd5be3fc9141
f9082e99-be4f-43ba-8062-7ae20e157144,sme,ERP Implementation,operations,Strategic Planning Cycle,True,ready,True,True,True,BLOCKED_ENV_CONFIG,BLOCKED_AUTONOMY_ENV_CONFIG,False,,False,,,True,True,False,,,env,journey:f9082e99-be4f-43ba-8062-7ae20e157144
2e2a760e-ae3f-4266-bcd1-e3c87801bc86,sme,Employee Wellness Program,hr,Customer Onboarding,True,ready,True,True,True,BLOCKED_ENV_CONFIG,BLOCKED_AUTONOMY_ENV_CONFIG,False,,False,,,True,True,False,,,env,journey:2e2a760e-ae3f-4266-bcd1-e3c87801bc86
5848799a-b1c7-4ac4-8fcc-a3aa937f08fa,sme,Expense Policy Update,operations,Policy Update,True,ready,True,True,True,BLOCKED_ENV_CONFIG,BLOCKED_AUTONOMY_ENV_CONFIG,False,,False,,,True,True,False,,,env,journey:5848799a-b1c7-4ac4-8fcc-a3aa937f08fa
12cba679-f2f2-4bdb-b207-4b6576374bb5,sme,IT Asset Lifecycle,operations,Vendor Onboarding,True,ready,True,True,True,BLOCKED_ENV_CONFIG,BLOCKED_AUTONOMY_ENV_CONFIG,False,,False,,,True,True,False,,,env,journey:12cba679-f2f2-4bdb-b207-4b6576374bb5
01a00d20-f798-4223-9d8d-6945d7151eed,sme,Insurance Renewal,operations,Vendor Onboarding,True,ready,True,True,True,BLOCKED_ENV_CONFIG,BLOCKED_AUTONOMY_ENV_CONFIG,False,,False,,,True,True,False,,,env,journey:01a00d20-f798-4223-9d8d-6945d7151eed
861e8745-810c-4c12-ad1a-1b7c95fe1b58,sme,Internship Program,hr,Recruitment Pipeline,True,ready,True,True,True,BLOCKED_ENV_CONFIG,BLOCKED_AUTONOMY_ENV_CONFIG,False,,False,,,True,True,False,,,env,journey:861e8745-810c-4c12-ad1a-1b7c95fe1b58
83074c54-4afc-4139-96d6-54ed87623d23,sme,Inventory Turnover Analysis,operations,Pipeline Review,True,ready,True,True,True,BLOCKED_ENV_CONFIG,BLOCKED_AUTONOMY_ENV_CONFIG,False,,False,,,True,True,False,,,env,journey:83074c54-4afc-4139-96d6-54ed87623d23
6f44fa80-c28b-4798-9fe2-fca9a3284e54,sme,Key Account Management,sales,Account Renewal,True,ready,True,True,True,BLOCKED_ENV_CONFIG,BLOCKED_AUTONOMY_ENV_CONFIG,False,,False,,,True,True,False,,,env,journey:6f44fa80-c28b-4798-9fe2-fca9a3284e54
bce3016c-a660-4f54-be92-d19980b6ca2f,sme,Leadership Offsite,strategy,Strategic Planning Cycle,True,ready,True,True,True,BLOCKED_ENV_CONFIG,BLOCKED_AUTONOMY_ENV_CONFIG,False,,False,,,True,True,False,,,env,journey:bce3016c-a660-4f54-be92-d19980b6ca2f
a41e8183-efac-4b60-bdb2-7b043ef314a2,sme,Legal Retainer Review,legal,Contract Review,True,ready,True,True,True,BLOCKED_ENV_CONFIG,BLOCKED_AUTONOMY_ENV_CONFIG,False,,False,,,True,True,False,,,env,journey:a41e8183-efac-4b60-bdb2-7b043ef314a2
8588d365-e7ff-4aa7-845f-77744695bb40,sme,Loyalty Program Revamp,marketing,Email Nurture Sequence,True,ready,True,True,True,BLOCKED_ENV_CONFIG,BLOCKED_AUTONOMY_ENV_CONFIG,False,,False,,,True,True,False,,,env,journey:8588d365-e7ff-4aa7-845f-77744695bb40
a005f222-ce8c-4c00-88df-44ce91aa1aaa,sme,Management Training Program,hr,Strategic Planning Cycle,True,ready,True,True,True,BLOCKED_ENV_CONFIG,BLOCKED_AUTONOMY_ENV_CONFIG,False,,False,,,True,True,False,,,env,journey:a005f222-ce8c-4c00-88df-44ce91aa1aaa
a575b238-b746-4a6f-b1b4-11f652d537bb,sme,NPS Survey Campaign,support,Win/Loss Analysis,True,ready,True,True,True,BLOCKED_ENV_CONFIG,BLOCKED_AUTONOMY_ENV_CONFIG,False,,False,,,True,True,False,,,env,journey:a575b238-b746-4a6f-b1b4-11f652d537bb
30a8b0f8-5e56-490d-8bd5-e683db673171,sme,New Market Expansion,strategy,Competitor Analysis Workflow,True,ready,True,True,True,BLOCKED_ENV_CONFIG,BLOCKED_AUTONOMY_ENV_CONFIG,False,,False,,,True,True,False,,,env,journey:30a8b0f8-5e56-490d-8bd5-e683db673171
843d21f3-9e59-458b-a878-0032d16a162a,sme,Office Hybrid Policy,hr,Policy Update,True,ready,True,True,True,BLOCKED_ENV_CONFIG,BLOCKED_AUTONOMY_ENV_CONFIG,False,,False,,,True,True,False,,,env,journey:843d21f3-9e59-458b-a878-0032d16a162a
405bd22f-931f-4205-a83c-97c81c68a94d,sme,Partner Channel Strategy,strategy,Partnership Development,True,ready,True,True,True,BLOCKED_ENV_CONFIG,BLOCKED_AUTONOMY_ENV_CONFIG,False,,False,,,True,True,False,,,env,journey:405bd22f-931f-4205-a83c-97c81c68a94d
4b7f17c7-6edb-49dd-a0cd-7ad96c6e2320,sme,Performance Review Cycle,hr,Strategic Planning Cycle,True,ready,True,True,True,BLOCKED_ENV_CONFIG,BLOCKED_AUTONOMY_ENV_CONFIG,False,,False,,,True,True,False,,,env,journey:4b7f17c7-6edb-49dd-a0cd-7ad96c6e2320
9070dbd6-23de-4a0d-9de6-735ce32a4767,sme,Procurement Policy,operations,Policy Update,True,ready,True,True,True,BLOCKED_ENV_CONFIG,BLOCKED_AUTONOMY_ENV_CONFIG,False,,False,,,True,True,False,,,env,journey:9070dbd6-23de-4a0d-9de6-735ce32a4767
93b2a53c-e3c5-4157-9c1f-de1f4207d66e,sme,Recruitment Agency ROI,hr,Recruitment Pipeline,True,ready,True,True,True,BLOCKED_ENV_CONFIG,BLOCKED_AUTONOMY_ENV_CONFIG,False,,False,,,True,True,False,,,env,journey:93b2a53c-e3c5-4157-9c1f-de1f4207d66e
f79a1dfa-5359-480a-a08c-a84a256e86ec,sme,Reseller Program,sales,Partnership Development,True,ready,True,True,True,BLOCKED_ENV_CONFIG,BLOCKED_AUTONOMY_ENV_CONFIG,False,,False,,,True,True,False,,,env,journey:f79a1dfa-5359-480a-a08c-a84a256e86ec
01e14add-8a1e-4a6c-8dee-dc6aab3e60c7,sme,Sales Commission Structure,sales,Strategic Planning Cycle,True,ready,True,True,True,BLOCKED_ENV_CONFIG,BLOCKED_AUTONOMY_ENV_CONFIG,False,,False,,,True,True,False,,,env,journey:01e14add-8a1e-4a6c-8dee-dc6aab3e60c7
645a1b32-74d5-4f5a-96dd-95462418c252,sme,Succession Planning,hr,Strategic Planning Cycle,True,ready,True,True,True,BLOCKED_ENV_CONFIG,BLOCKED_AUTONOMY_ENV_CONFIG,False,,False,,,True,True,False,,,env,journey:645a1b32-74d5-4f5a-96dd-95462418c252
56f9d4b4-7939-401a-93af-60c81b4ba68d,sme,Supply Chain Optimization,operations,Strategic Planning Cycle,True,ready,True,True,True,BLOCKED_ENV_CONFIG,BLOCKED_AUTONOMY_ENV_CONFIG,False,,False,,,True,True,False,,,env,journey:56f9d4b4-7939-401a-93af-60c81b4ba68d
2ea37698-4b7c-411f-adfc-d95428c65397,sme,Sustainability Report,strategy,Content Creation Workflow,True,ready,True,True,True,BLOCKED_ENV_CONFIG,BLOCKED_AUTONOMY_ENV_CONFIG,False,,False,,,True,True,False,,,env,journey:2ea37698-4b7c-411f-adfc-d95428c65397
2a9a618d-79c5-4bad-9c3c-7cc0fe5d6850,sme,Town Hall Meeting Deck,strategy,Content Creation Workflow,True,ready,True,True,True,BLOCKED_ENV_CONFIG,BLOCKED_AUTONOMY_ENV_CONFIG,False,,False,,,True,True,False,,,env,journey:2a9a618d-79c5-4bad-9c3c-7cc0fe5d6850
7e7b2376-c437-43ff-81c0-c99184ddc427,sme,Travel Policy Update,operations,Policy Update,True,ready,True,True,True,BLOCKED_ENV_CONFIG,BLOCKED_AUTONOMY_ENV_CONFIG,False,,False,,,True,True,False,,,env,journey:7e7b2376-c437-43ff-81c0-c99184ddc427
f5007972-9b01-4af9-92a9-b0bc8df151db,sme,Vendor Consolidation,operations,Vendor Onboarding,True,ready,True,True,True,BLOCKED_ENV_CONFIG,BLOCKED_AUTONOMY_ENV_CONFIG,False,,False,,,True,True,False,,,env,journey:f5007972-9b01-4af9-92a9-b0bc8df151db
f4d24b42-253e-47a4-8a2a-99001da96d9c,sme,Website Replatforming,marketing,Product Launch Workflow,True,ready,True,True,True,BLOCKED_ENV_CONFIG,BLOCKED_AUTONOMY_ENV_CONFIG,False,,False,,,True,True,False,,,env,journey:f4d24b42-253e-47a4-8a2a-99001da96d9c
576b6da5-9c6f-4061-bc24-48d2a0a46f42,solopreneur,Affiliate Program Setup,sales,Vendor Onboarding,True,ready,True,True,True,BLOCKED_ENV_CONFIG,BLOCKED_AUTONOMY_ENV_CONFIG,False,,False,,,True,True,False,,,env,journey:576b6da5-9c6f-4061-bc24-48d2a0a46f42
acc7b028-bece-4fe5-bff2-a2b0d931a5b6,solopreneur,Automated Invoicing Setup,operations,Vendor Onboarding,True,ready,True,True,True,BLOCKED_ENV_CONFIG,BLOCKED_AUTONOMY_ENV_CONFIG,False,,False,,,True,True,False,,,env,journey:acc7b028-bece-4fe5-bff2-a2b0d931a5b6
46edb11b-0c49-436d-98ca-22795ebf3236,solopreneur,Bank Account Separation,finance,Strategic Planning Cycle,True,ready,True,True,True,BLOCKED_ENV_CONFIG,BLOCKED_AUTONOMY_ENV_CONFIG,False,,False,,,True,True,False,,,env,journey:46edb11b-0c49-436d-98ca-22795ebf3236
1798b632-4a00-45bb-9fc4-a20ca277cd9b,solopreneur,Blog Content Calendar,content,Content Creation Workflow,True,ready,True,True,True,BLOCKED_ENV_CONFIG,BLOCKED_AUTONOMY_ENV_CONFIG,False,,False,,,True,True,False,,,env,journey:1798b632-4a00-45bb-9fc4-a20ca277cd9b
95f85460-9738-4f9c-95ad-6f6128ed2b52,solopreneur,Brand Voice Guide,marketing,Content Creation Workflow,True,ready,True,True,True,BLOCKED_ENV_CONFIG,BLOCKED_AUTONOMY_ENV_CONFIG,False,,False,,,True,True,False,,,env,journey:95f85460-9738-4f9c-95ad-6f6128ed2b52
33943a2e-f9a1-45c6-9d15-8408594cda46,solopreneur,Client Gift Strategy,support,Account Renewal,True,ready,True,True,True,BLOCKED_ENV_CONFIG,BLOCKED_AUTONOMY_ENV_CONFIG,False,,False,,,True,True,False,,,env,journey:33943a2e-f9a1-45c6-9d15-8408594cda46
32e8a84a-d0ea-4eb7-9cb3-f46dcdadb76e,solopreneur,Client Onboarding Automation,operations,Customer Onboarding,True,ready,True,True,True,BLOCKED_ENV_CONFIG,BLOCKED_AUTONOMY_ENV_CONFIG,False,,False,,,True,True,False,,,env,journey:32e8a84a-d0ea-4eb7-9cb3-f46dcdadb76e
0d8c084a-bcde-45f8-9649-e61f3e41622d,solopreneur,Cold Email Outreach,sales,Outbound Prospecting,True,ready,True,True,True,BLOCKED_ENV_CONFIG,BLOCKED_AUTONOMY_ENV_CONFIG,False,,False,,,True,True,False,,,env,journey:0d8c084a-bcde-45f8-9649-e61f3e41622d
2f4f7da4-b965-400f-b6bd-262ba54a3411,solopreneur,Contract Template Creation,legal,Contract Review,True,ready,True,True,True,BLOCKED_ENV_CONFIG,BLOCKED_AUTONOMY_ENV_CONFIG,False,,False,,,True,True,False,,,env,journey:2f4f7da4-b965-400f-b6bd-262ba54a3411
010b5a1e-bb91-4034-a8da-27602cc7e9d3,solopreneur,Customer Feedback Loop,support,Win/Loss Analysis,True,ready,True,True,True,BLOCKED_ENV_CONFIG,BLOCKED_AUTONOMY_ENV_CONFIG,False,,False,,,True,True,False,,,env,journey:010b5a1e-bb91-4034-a8da-27602cc7e9d3
3099bb68-6ff5-42ee-9755-b602b4f8855c,solopreneur,Data Backup Strategy,operations,IT Asset Provisioning,True,ready,True,True,True,BLOCKED_ENV_CONFIG,BLOCKED_AUTONOMY_ENV_CONFIG,False,,False,,,True,True,False,,,env,journey:3099bb68-6ff5-42ee-9755-b602b4f8855c
3db1a2f5-41e1-4b61-a433-02d04e5d0eea,solopreneur,Email List Building,marketing,Email Nurture Sequence,True,ready,True,True,True,BLOCKED_ENV_CONFIG,BLOCKED_AUTONOMY_ENV_CONFIG,False,,False,,,True,True,False,,,env,journey:3db1a2f5-41e1-4b61-a433-02d04e5d0eea
cb757eb8-06bf-486a-8d84-0e65030579ab,solopreneur,Emergency Fund Planning,finance,Cash Flow Management,True,ready,True,True,True,BLOCKED_ENV_CONFIG,BLOCKED_AUTONOMY_ENV_CONFIG,False,,False,,,True,True,False,,,env,journey:cb757eb8-06bf-486a-8d84-0e65030579ab
5941a937-cd8d-4ad1-9921-820708fd4bad,solopreneur,Expense Tracking Setup,finance,Pipeline Review,True,ready,True,True,True,BLOCKED_ENV_CONFIG,BLOCKED_AUTONOMY_ENV_CONFIG,False,,False,,,True,True,False,,,env,journey:5941a937-cd8d-4ad1-9921-820708fd4bad
9ca8bce2-c450-4191-816c-12cb5c7815a7,solopreneur,First Client Acquisition,sales,Lead Generation Workflow,True,ready,True,True,True,BLOCKED_ENV_CONFIG,BLOCKED_AUTONOMY_ENV_CONFIG,False,,False,,,True,True,False,,,env,journey:9ca8bce2-c450-4191-816c-12cb5c7815a7
8de4e72f-873a-4f90-9c93-866c61dee1c4,solopreneur,Google Business Profile Optimization,marketing,SEO Optimization Audit,True,ready,True,True,True,BLOCKED_ENV_CONFIG,BLOCKED_AUTONOMY_ENV_CONFIG,False,,False,,,True,True,False,,,env,journey:8de4e72f-873a-4f90-9c93-866c61dee1c4
91973be4-a50e-4d2a-bf1e-c696d189be5d,solopreneur,Health Insurance Research,operations,Benefits Enrollment,True,ready,True,True,True,BLOCKED_ENV_CONFIG,BLOCKED_AUTONOMY_ENV_CONFIG,False,,False,,,True,True,False,,,env,journey:91973be4-a50e-4d2a-bf1e-c696d189be5d
fbb93bac-ca29-47f2-947e-e884f6dcf4a6,solopreneur,Legacy Client Migration,support,Account Renewal,True,ready,True,True,True,BLOCKED_ENV_CONFIG,BLOCKED_AUTONOMY_ENV_CONFIG,False,,False,,,True,True,False,,,env,journey:fbb93bac-ca29-47f2-947e-e884f6dcf4a6
434d7758-eb19-4950-a707-9aa5847e8f63,solopreneur,Liability Insurance Setup,operations,Vendor Onboarding,True,ready,True,True,True,BLOCKED_ENV_CONFIG,BLOCKED_AUTONOMY_ENV_CONFIG,False,,False,,,True,True,False,,,env,journey:434d7758-eb19-4950-a707-9aa5847e8f63
64d880d1-6f8c-407f-8598-6aa23e381eb0,solopreneur,LinkedIn Networking,marketing,Social Media Calendar,True,ready,True,True,True,BLOCKED_ENV_CONFIG,BLOCKED_AUTONOMY_ENV_CONFIG,False,,False,,,True,True,False,,,env,journey:64d880d1-6f8c-407f-8598-6aa23e381eb0
317afdec-f1d9-40b7-909d-b21c25301077,solopreneur,Networking Event Calendar,marketing,Social Media Calendar,True,ready,True,True,True,BLOCKED_ENV_CONFIG,BLOCKED_AUTONOMY_ENV_CONFIG,False,,False,,,True,True,False,,,env,journey:317afdec-f1d9-40b7-909d-b21c25301077
16b96dd9-d1d8-4a54-b906-5542966f4f0d,solopreneur,Online Course Launch,product,Initiative Framework,True,ready,True,True,True,BLOCKED_ENV_CONFIG,BLOCKED_AUTONOMY_ENV_CONFIG,False,,False,,,True,True,False,,,env,journey:16b96dd9-d1d8-4a54-b906-5542966f4f0d
4a8d9a5b-d50d-4334-8138-45cb7c67086c,solopreneur,Password Management,operations,IT Asset Provisioning,True,ready,True,True,True,BLOCKED_ENV_CONFIG,BLOCKED_AUTONOMY_ENV_CONFIG,False,,False,,,True,True,False,,,env,journey:4a8d9a5b-d50d-4334-8138-45cb7c67086c
897ebcf8-7fb0-488d-9a36-6ce5ce8f690a,solopreneur,Personal Brand Building,marketing,Social Media Campaign Workflow,True,ready,True,True,True,BLOCKED_ENV_CONFIG,BLOCKED_AUTONOMY_ENV_CONFIG,False,,False,,,True,True,False,,,env,journey:897ebcf8-7fb0-488d-9a36-6ce5ce8f690a
5917f6db-b22f-4d8e-ac5a-58254f174e39,solopreneur,Podcast Launch,content,Initiative Framework,True,ready,True,True,True,BLOCKED_ENV_CONFIG,BLOCKED_AUTONOMY_ENV_CONFIG,False,,False,,,True,True,False,,,env,journey:5917f6db-b22f-4d8e-ac5a-58254f174e39
2925d14c-d5d3-4d85-8e5b-61945090ccbe,solopreneur,Portfolio Website Launch,marketing,Content Creation Workflow,True,ready,True,True,True,BLOCKED_ENV_CONFIG,BLOCKED_AUTONOMY_ENV_CONFIG,False,,False,,,True,True,False,,,env,journey:2925d14c-d5d3-4d85-8e5b-61945090ccbe
e3f0228f-5408-4a48-b2d9-1bfc99c73e74,solopreneur,Productivity Tool Stack,operations,IT Asset Provisioning,True,ready,True,True,True,BLOCKED_ENV_CONFIG,BLOCKED_AUTONOMY_ENV_CONFIG,False,,False,,,True,True,False,,,env,journey:e3f0228f-5408-4a48-b2d9-1bfc99c73e74
f931d173-c7f8-4947-b05b-d2967f93134c,solopreneur,Project Management Setup,operations,Strategic Planning Cycle,True,ready,True,True,True,BLOCKED_ENV_CONFIG,BLOCKED_AUTONOMY_ENV_CONFIG,False,,False,,,True,True,False,,,env,journey:f931d173-c7f8-4947-b05b-d2967f93134c
a02c9eef-a6e0-42e0-bcc0-41928990b946,solopreneur,Proposal Template Creation,sales,Content Creation Workflow,True,ready,True,True,True,BLOCKED_ENV_CONFIG,BLOCKED_AUTONOMY_ENV_CONFIG,False,,False,,,True,True,False,,,env,journey:a02c9eef-a6e0-42e0-bcc0-41928990b946
5f9cf892-a948-4e01-ab3d-40ac0a66f881,solopreneur,Quarterly Tax Prep,finance,Tax Filing Prep,True,ready,True,True,True,BLOCKED_ENV_CONFIG,BLOCKED_AUTONOMY_ENV_CONFIG,False,,False,,,True,True,False,,,env,journey:5f9cf892-a948-4e01-ab3d-40ac0a66f881
951a46e1-cd36-42ee-8df0-342b35f7a21d,solopreneur,Remote Office Setup,operations,Office Move/Expansion,True,ready,True,True,True,BLOCKED_ENV_CONFIG,BLOCKED_AUTONOMY_ENV_CONFIG,False,,False,,,True,True,False,,,env,journey:951a46e1-cd36-42ee-8df0-342b35f7a21d
24bd36ac-814d-4ca9-b2e9-b57b3b55d448,solopreneur,Retirement Saving Setup,finance,Strategic Planning Cycle,True,ready,True,True,True,BLOCKED_ENV_CONFIG,BLOCKED_AUTONOMY_ENV_CONFIG,False,,False,,,True,True,False,,,env,journey:24bd36ac-814d-4ca9-b2e9-b57b3b55d448
a2214853-fc35-40ee-9d8c-f5a98066a343,solopreneur,Review Management,marketing,Win/Loss Analysis,True,ready,True,True,True,BLOCKED_ENV_CONFIG,BLOCKED_AUTONOMY_ENV_CONFIG,False,,False,,,True,True,False,,,env,journey:a2214853-fc35-40ee-9d8c-f5a98066a343
e6cee9c4-c430-4ee8-876f-95755611eeda,solopreneur,SEO Basic Setup,marketing,SEO Optimization Audit,True,ready,True,True,True,BLOCKED_ENV_CONFIG,BLOCKED_AUTONOMY_ENV_CONFIG,False,,False,,,True,True,False,,,env,journey:e6cee9c4-c430-4ee8-876f-95755611eeda
f51706f4-6944-4fbe-a480-c4d3efc4c432,solopreneur,Service Pricing Strategy,sales,Competitor Analysis Workflow,True,ready,True,True,True,BLOCKED_ENV_CONFIG,BLOCKED_AUTONOMY_ENV_CONFIG,False,,False,,,True,True,False,,,env,journey:f51706f4-6944-4fbe-a480-c4d3efc4c432
e317a66a-0a00-40e0-9540-6dad9065be2a,solopreneur,Social Media Content Strategy,marketing,Social Media Campaign Workflow,True,ready,True,True,True,BLOCKED_ENV_CONFIG,BLOCKED_AUTONOMY_ENV_CONFIG,False,,False,,,True,True,False,,,env,journey:e317a66a-0a00-40e0-9540-6dad9065be2a
3073395d-1a28-415e-bd10-00d54a94cc17,solopreneur,Time Blocking Schedule,operations,Strategic Planning Cycle,True,ready,True,True,True,BLOCKED_ENV_CONFIG,BLOCKED_AUTONOMY_ENV_CONFIG,False,,False,,,True,True,False,,,env,journey:3073395d-1a28-415e-bd10-00d54a94cc17
d18b4c59-7cd9-466c-ba4c-35267f9cd1ff,solopreneur,Upsell Strategy,sales,Upsell Campaign,True,ready,True,True,True,BLOCKED_ENV_CONFIG,BLOCKED_AUTONOMY_ENV_CONFIG,False,,False,,,True,True,False,,,env,journey:d18b4c59-7cd9-466c-ba4c-35267f9cd1ff
38f01a79-ff9b-4000-8dc3-e9a47c2ab09c,solopreneur,Virtual Assistant Hiring,operations,Recruitment Pipeline,True,ready,True,True,True,BLOCKED_ENV_CONFIG,BLOCKED_AUTONOMY_ENV_CONFIG,False,,False,,,True,True,False,,,env,journey:38f01a79-ff9b-4000-8dc3-e9a47c2ab09c
b04ed67a-ff8e-422c-b1fb-f9a64c921351,solopreneur,Webinar Funnel Setup,marketing,Webinar Hosting,True,ready,True,True,True,BLOCKED_ENV_CONFIG,BLOCKED_AUTONOMY_ENV_CONFIG,False,,False,,,True,True,False,,,env,journey:b04ed67a-ff8e-422c-b1fb-f9a64c921351
0f1e7296-96d9-41ea-9964-fdbe092b24c2,startup,Accelerator Prep,strategy,Fundraising Round,True,ready,True,True,True,BLOCKED_ENV_CONFIG,BLOCKED_AUTONOMY_ENV_CONFIG,False,,False,,,True,True,False,,,env,journey:0f1e7296-96d9-41ea-9964-fdbe092b24c2
84f12d2b-fce9-466f-b3b9-3a6d56d1e48d,startup,Agile Workflow Setup,operations,Strategic Planning Cycle,True,ready,True,True,True,BLOCKED_ENV_CONFIG,BLOCKED_AUTONOMY_ENV_CONFIG,False,,False,,,True,True,False,,,env,journey:84f12d2b-fce9-466f-b3b9-3a6d56d1e48d
fae68a4a-fb52-4609-81c8-fc7722421966,startup,Analytics Stack Setup,operations,Analytics Implementation,True,ready,True,True,True,BLOCKED_ENV_CONFIG,BLOCKED_AUTONOMY_ENV_CONFIG,False,,False,,,True,True,False,,,env,journey:fae68a4a-fb52-4609-81c8-fc7722421966
8e985114-4def-4bce-bc53-958777fcbd5e,startup,AngelList Profile,strategy,Fundraising Round,True,ready,True,True,True,BLOCKED_ENV_CONFIG,BLOCKED_AUTONOMY_ENV_CONFIG,False,,False,,,True,True,False,,,env,journey:8e985114-4def-4bce-bc53-958777fcbd5e
41420076-0d6c-481e-b04a-72614fa92986,startup,Beta User Recruitment,sales,Lead Generation Workflow,True,ready,True,True,True,BLOCKED_ENV_CONFIG,BLOCKED_AUTONOMY_ENV_CONFIG,False,,False,,,True,True,False,,,env,journey:41420076-0d6c-481e-b04a-72614fa92986
5f7b8c0f-8c74-4348-a676-03a33424f7a7,startup,Board Meeting Deck,strategy,Strategic Planning Cycle,True,ready,True,True,True,BLOCKED_ENV_CONFIG,BLOCKED_AUTONOMY_ENV_CONFIG,False,,False,,,True,True,False,,,env,journey:5f7b8c0f-8c74-4348-a676-03a33424f7a7
d2bfbb0d-0acc-4a43-8132-a7ab47d3e5da,startup,Burn Rate Monitoring,finance,Financial Reporting,True,ready,True,True,True,BLOCKED_ENV_CONFIG,BLOCKED_AUTONOMY_ENV_CONFIG,False,,False,,,True,True,False,,,env,journey:d2bfbb0d-0acc-4a43-8132-a7ab47d3e5da
0aeac95f-0204-411d-8156-6922bafce02f,startup,CI/CD Pipeline Setup,operations,Feature Development,True,ready,True,True,True,BLOCKED_ENV_CONFIG,BLOCKED_AUTONOMY_ENV_CONFIG,False,,False,,,True,True,False,,,env,journey:0aeac95f-0204-411d-8156-6922bafce02f
cdd3f671-acb6-4cb1-8032-62b1db20f5ef,startup,Cap Table Setup,finance,Strategic Planning Cycle,True,ready,True,True,True,BLOCKED_ENV_CONFIG,BLOCKED_AUTONOMY_ENV_CONFIG,False,,False,,,True,True,False,,,env,journey:cdd3f671-acb6-4cb1-8032-62b1db20f5ef
00004d65-d4fe-445a-960a-d9c71aaaeea9,startup,Churn Analysis,sales,Churn Prevention,True,ready,True,True,True,BLOCKED_ENV_CONFIG,BLOCKED_AUTONOMY_ENV_CONFIG,False,,False,,,True,True,False,,,env,journey:00004d65-d4fe-445a-960a-d9c71aaaeea9
613e12a7-1a86-4aaa-aece-774dc0b42c1b,startup,Co-founder Agreement,legal,Contract Review,True,ready,True,True,True,BLOCKED_ENV_CONFIG,BLOCKED_AUTONOMY_ENV_CONFIG,False,,False,,,True,True,False,,,env,journey:613e12a7-1a86-4aaa-aece-774dc0b42c1b
9a85b0a6-0f36-463d-b579-c2ca61f86d1f,startup,Competitor Analysis,strategy,Competitor Analysis Workflow,True,ready,True,True,True,BLOCKED_ENV_CONFIG,BLOCKED_AUTONOMY_ENV_CONFIG,False,,False,,,True,True,False,,,env,journey:9a85b0a6-0f36-463d-b579-c2ca61f86d1f
121b2e97-e129-4a47-a674-99072a04a3f6,startup,Customer Discovery Interviews,sales,Lead Generation Workflow,True,ready,True,True,True,BLOCKED_ENV_CONFIG,BLOCKED_AUTONOMY_ENV_CONFIG,False,,False,,,True,True,False,,,env,journey:121b2e97-e129-4a47-a674-99072a04a3f6
fe2ace83-7566-4401-a0fc-ad9d48e2b004,startup,Data Privacy Policy,legal,Policy Update,True,ready,True,True,True,BLOCKED_ENV_CONFIG,BLOCKED_AUTONOMY_ENV_CONFIG,False,,False,,,True,True,False,,,env,journey:fe2ace83-7566-4401-a0fc-ad9d48e2b004
26c14404-b5b0-4bb4-9588-1afa6162b6ac,startup,Employee Stock Option Plan,hr,Contract Review,True,ready,True,True,True,BLOCKED_ENV_CONFIG,BLOCKED_AUTONOMY_ENV_CONFIG,False,,False,,,True,True,False,,,env,journey:26c14404-b5b0-4bb4-9588-1afa6162b6ac
ada23021-005a-4e32-9108-bedf60781716,startup,Entity Incorporation,legal,Contract Review,True,ready,True,True,True,BLOCKED_ENV_CONFIG,BLOCKED_AUTONOMY_ENV_CONFIG,False,,False,,,True,True,False,,,env,journey:ada23021-005a-4e32-9108-bedf60781716
022dde98-15b0-4acd-8053-b7343f0c6f59,startup,First 10 Hires,hr,Recruitment Pipeline,True,ready,True,True,True,BLOCKED_ENV_CONFIG,BLOCKED_AUTONOMY_ENV_CONFIG,False,,False,,,True,True,False,,,env,journey:022dde98-15b0-4acd-8053-b7343f0c6f59
5d5d9d92-32df-41a7-8791-7490aefbe8ea,startup,Growth Hacking Experiments,marketing,A/B Testing Workflow,True,ready,True,True,True,BLOCKED_ENV_CONFIG,BLOCKED_AUTONOMY_ENV_CONFIG,False,,False,,,True,True,False,,,env,journey:5d5d9d92-32df-41a7-8791-7490aefbe8ea
b3c534cf-5130-4585-8aae-14460f4a07f5,startup,Internal Dashboard Build,operations,Dashboard Creation,True,ready,True,True,True,BLOCKED_ENV_CONFIG,BLOCKED_AUTONOMY_ENV_CONFIG,False,,False,,,True,True,False,,,env,journey:b3c534cf-5130-4585-8aae-14460f4a07f5
e7d9e7ee-5da1-4ba2-bef8-6b7aaedea8de,startup,Investor Update Template,strategy,Strategic Planning Cycle,True,ready,True,True,True,BLOCKED_ENV_CONFIG,BLOCKED_AUTONOMY_ENV_CONFIG,False,,False,,,True,True,False,,,env,journey:e7d9e7ee-5da1-4ba2-bef8-6b7aaedea8de
11c3f531-f8c2-4c9a-af9d-2b36fc7ddacb,startup,Knowledge Base Create,operations,Knowledge Base Update,True,ready,True,True,True,BLOCKED_ENV_CONFIG,BLOCKED_AUTONOMY_ENV_CONFIG,False,,False,,,True,True,False,,,env,journey:11c3f531-f8c2-4c9a-af9d-2b36fc7ddacb
31bd960e-dad1-4be0-a1e7-f6792ac129d1,startup,MVP Launch,product,Product Launch Workflow,True,ready,True,True,True,BLOCKED_ENV_CONFIG,BLOCKED_AUTONOMY_ENV_CONFIG,False,,False,,,True,True,False,,,env,journey:31bd960e-dad1-4be0-a1e7-f6792ac129d1
83dcf14e-19f7-456e-9bf5-c35542ddd971,startup,Pitch Deck Iteration,strategy,Content Creation Workflow,True,ready,True,True,True,BLOCKED_ENV_CONFIG,BLOCKED_AUTONOMY_ENV_CONFIG,False,,False,,,True,True,False,,,env,journey:83dcf14e-19f7-456e-9bf5-c35542ddd971
a5b85e6c-e2e8-4a6f-99c0-3b86facc36b3,startup,Product Hunt Launch,marketing,Product Launch Campaign,True,ready,True,True,True,BLOCKED_ENV_CONFIG,BLOCKED_AUTONOMY_ENV_CONFIG,False,,False,,,True,True,False,,,env,journey:a5b85e6c-e2e8-4a6f-99c0-3b86facc36b3
f9909938-afd9-489a-b8d1-8143fcd7c6f9,startup,Product Market Fit Validation,strategy,Initiative Framework,True,ready,True,True,True,BLOCKED_ENV_CONFIG,BLOCKED_AUTONOMY_ENV_CONFIG,False,,False,,,True,True,False,,,env,journey:f9909938-afd9-489a-b8d1-8143fcd7c6f9
0ab80b1f-bc13-485d-874c-cb9eb74b06f2,startup,Referral Program V1,marketing,Partnership Development,True,ready,True,True,True,BLOCKED_ENV_CONFIG,BLOCKED_AUTONOMY_ENV_CONFIG,False,,False,,,True,True,False,,,env,journey:0ab80b1f-bc13-485d-874c-cb9eb74b06f2
d73ba83a-2b14-4b3d-bafd-c59c01ae648f,startup,Remote Team Culture,hr,Employee Onboarding,True,ready,True,True,True,BLOCKED_ENV_CONFIG,BLOCKED_AUTONOMY_ENV_CONFIG,False,,False,,,True,True,False,,,env,journey:d73ba83a-2b14-4b3d-bafd-c59c01ae648f
8e9049bd-0a51-459e-a0c9-cde4f6f99a3b,startup,Runway Extension Strategy,finance,Fundraising Round,True,ready,True,True,True,BLOCKED_ENV_CONFIG,BLOCKED_AUTONOMY_ENV_CONFIG,False,,False,,,True,True,False,,,env,journey:8e9049bd-0a51-459e-a0c9-cde4f6f99a3b
0a984dc1-7587-47ad-a17c-ff525c7613e1,startup,Security Compliance (SOC2 Prep),operations,GDPR Compliance Audit,True,ready,True,True,True,BLOCKED_ENV_CONFIG,BLOCKED_AUTONOMY_ENV_CONFIG,False,,False,,,True,True,False,,,env,journey:0a984dc1-7587-47ad-a17c-ff525c7613e1
0d5d73a4-3546-42e1-a289-4590439767ad,startup,Seed Fundraising,strategy,Fundraising Round,True,ready,True,True,True,BLOCKED_ENV_CONFIG,BLOCKED_AUTONOMY_ENV_CONFIG,False,,False,,,True,True,False,,,env,journey:0d5d73a4-3546-42e1-a289-4590439767ad
4e35c185-188d-47c2-86b8-82bc2c082e9c,startup,Series A Prep,strategy,Fundraising Round,True,ready,True,True,True,BLOCKED_ENV_CONFIG,BLOCKED_AUTONOMY_ENV_CONFIG,False,,False,,,True,True,False,,,env,journey:4e35c185-188d-47c2-86b8-82bc2c082e9c
9afbdf43-445b-4dd0-ae0c-cbab9032826e,startup,Server Cost Optimization,operations,Budget Planning,True,ready,True,True,True,BLOCKED_ENV_CONFIG,BLOCKED_AUTONOMY_ENV_CONFIG,False,,False,,,True,True,False,,,env,journey:9afbdf43-445b-4dd0-ae0c-cbab9032826e
63a14532-e5c8-4419-b251-45b01f019cfa,startup,Strategic Pivot Analysis,strategy,Strategic Planning Cycle,True,ready,True,True,True,BLOCKED_ENV_CONFIG,BLOCKED_AUTONOMY_ENV_CONFIG,False,,False,,,True,True,False,,,env,journey:63a14532-e5c8-4419-b251-45b01f019cfa
457a1717-20ed-4c6e-bf88-c4311d906f8a,startup,TechCrunch Outreach,marketing,Influencer Outreach,True,ready,True,True,True,BLOCKED_ENV_CONFIG,BLOCKED_AUTONOMY_ENV_CONFIG,False,,False,,,True,True,False,,,env,journey:457a1717-20ed-4c6e-bf88-c4311d906f8a
b36b8fe2-4fdb-4752-9693-783ae6a3a011,startup,Terms of Service Draft,legal,Contract Review,True,ready,True,True,True,BLOCKED_ENV_CONFIG,BLOCKED_AUTONOMY_ENV_CONFIG,False,,False,,,True,True,False,,,env,journey:b36b8fe2-4fdb-4752-9693-783ae6a3a011
f687b14d-4a0f-40f8-8ec6-74428fbf5567,startup,Trademark Registration,legal,IP Filing,True,ready,True,True,True,BLOCKED_ENV_CONFIG,BLOCKED_AUTONOMY_ENV_CONFIG,False,,False,,,True,True,False,,,env,journey:f687b14d-4a0f-40f8-8ec6-74428fbf5567
94dab695-8897-4623-b3d6-02ad36dcd751,startup,Unit Economics Analysis,finance,Financial Reporting,True,ready,True,True,True,BLOCKED_ENV_CONFIG,BLOCKED_AUTONOMY_ENV_CONFIG,False,,False,,,True,True,False,,,env,journey:94dab695-8897-4623-b3d6-02ad36dcd751
4636903c-c6aa-4a15-92e9-f06c4b7cdfdc,startup,Viral Loop Design,marketing,Product Launch Workflow,True,ready,True,True,True,BLOCKED_ENV_CONFIG,BLOCKED_AUTONOMY_ENV_CONFIG,False,,False,,,True,True,False,,,env,journey:4636903c-c6aa-4a15-92e9-f06c4b7cdfdc
2086bff2-4448-40d6-839f-1ce3e3558244,startup,Waitlist Growth Strategy,marketing,Email Nurture Sequence,True,ready,True,True,True,BLOCKED_ENV_CONFIG,BLOCKED_AUTONOMY_ENV_CONFIG,False,,False,,,True,True,False,,,env,journey:2086bff2-4448-40d6-839f-1ce3e3558244
dd65fc87-36e0-4bbb-ad95-80ad2bcbf6ca,startup,YCombinator Application,strategy,Fundraising Round,True,ready,True,True,True,BLOCKED_ENV_CONFIG,BLOCKED_AUTONOMY_ENV_CONFIG,False,,False,,,True,True,False,,,env,journey:dd65fc87-36e0-4bbb-ad95-80ad2bcbf6ca
